["М","Москва","Щелково г","Подольск","Щелково","Электросталь","Московская  обл .  Коломенский р-н, пос. Первомайский","Софрино","Солнечногорск","Московская область, Раменский район, дер. Вохринка","Озёры","Московская область, Рузский район, п/о Кожино -1","Ногинск","Луховицы, Московская область","Раменское","Чехов","г.Дзержинский,Московская область","Московская обл., Щелковский район, СНТ Серково","Дмитров","Орехово-Зуево","Королёв","Клин","Коломна","Черноголовка","Сергиев Посад","Химки","Троицк (Московская область)"]